retail_address,alpha_address,proposed_name,evidence_level,status,anchors,notes
0x00083A50,0x0002A540,UFO::PlayerObject::ProcessScript,B,accepted,"same SetJetPackEnable hash 0x47A92D5E; same table order; same Boolean parse/invert/store branch","Class layout shifts from alpha +0x3D8 to retail +0x360; name applies to the generic script dispatcher"
0x00016CA0,0x0004A0B0,Traffic::ActorSamSite::scalar deleting destructor,B,accepted,"same primary-vtable +0x24 slot; matching 0x35C object; corresponding primary/secondary vtables; matching scalar destructor flow","Live run 20261007T064831185Z joins four class instances to resource m_emp_mine; retail expands the primary interface beyond alpha +0x98; all four instances expose physics vtable 0x00235CA8"
0x00105FB0,0x00044170,Traffic::Actor::SetOnFire,B,accepted,"matching constants; control flow; class neighborhood and call relationships","Used as a neighborhood anchor, not evidence that the EMP invokes SetOnFire"
0x00015FC0,,,A,restored-address-only,"byte-audited four-instruction vtable thunk; exact caller and tail-call behavior; retail ActorSamSite primary-vtable slot +0xE4","No alpha virtual exists at this offset because the alpha table ends at +0x98; no real retail method name accepted yet"
0x0012AA50,0x000DB410,Physics::CollisionObject::GetCategoryNameCrc,B,accepted,"matching vtable neighborhood; low-five-bit category lookup; shared raw-filter virtual call","Retail CollisionObject layout adds a six-bit system-group field"
0x0012AA70,0x000DB430,Physics::CollisionObject::GetCategoryFlag,B,accepted,"matching vtable neighborhood; identical 1 << low-five-bit category semantics","Underlying raw-filter slot moved from alpha +0x74 to retail +0x80"
0x0012AA90,0x000DB450,Physics::CollisionObject::GetCollideMask,B,accepted,"matching vtable neighborhood and getter order; retail shifts by 11 after adding the six-bit system group","Do not mislabel retail 0012AAA0 as the collide mask"
0x00135F00,0x000DB7D0,Physics::CollisionFilter::isCollisionEnabled,B,accepted,"matching CollisionFilter vtable slot +0x0C; same reciprocal category/mask test; retail delegates packed words to 00135EA0","Retail additionally rejects equal nonzero six-bit system groups"
0x00109870,0x00049E00,Traffic::ActorSamSite::Update,D,rejected,"same nominal primary-vtable offset +0x84 only","Retail takes two arguments and handles a collision/event payload; alpha has no arguments and rebuilds the SAM-site transform. The shared slot alone is insufficient because the retail class/interface layout evolved."
0x0004AB10,0x000260F0,UFO::BuildingFixture::ApplyDamage,B,accepted,"same class ID 0x6FC7A9F5; matching BuildingFixture vtable neighborhood; both consume a damage payload; retail expands the physical response","This neighboring accepted method locates ApplyDamage in retail and prevents assigning that name to the new virtual at 0x0004ACC0."
0x0004ACC0,,UFO::BuildingFixture::<unknown retail virtual>,B,accepted-class-only,"retail DerivedFrom and VirtualClassId share alpha BuildingFixture ID 0x6FC7A9F5; matching vtable prefix; neighboring ApplyDamage alignment","The class is proven, but alpha has no corresponding named virtual. Keep the function address name until another artifact proves the method name. This is not a direct EMP callback."
0x0003E2E0,0x000611B0,<retail class 0x4A0548A5>::SetTarget,C,alias-only,"same null/non-null target-handle behavior; normalized candidate score 0.727389","The retail class ID does not occur in the alpha symbolized executable. SetTarget is a semantic alias only; the fully qualified retail name remains unknown."
0x0003CD20,0x00049E00,Traffic::ActorSamSite::Update,D,rejected,"normalized candidate score only 0.552820; different retail class ID 0x91816FD9; different control flow","One runtime register joined an m_emp_mine, but that does not identify the callback's this-object or method. Keep the retail name unknown."
