class,alphaClassId,alphaVtable,alphaSlots,alphaClassIdSlot,rank,retailVtable,score,leadOverRunnerUp,exactSlots,mappedSlots,fuzzySlots,specificSlots,specificMatches,specificScore,comparedSlots,retailSlots,retailClassIdFunction,retailClassId,allTargetsDispatchable
UFO::WeaponBrainRay,0xD026F263,0x001E92A8,27,0x1C,1,0x0022C6AC,0.246035,0.000626,11,0,1,9,2,0.184131,27,27,0x0007B730,0x5E1ADDAD,1
UFO::WeaponBrainRay,0xD026F263,0x001E92A8,27,0x1C,2,0x00229994,0.245409,,10,0,1,9,2,0.194491,27,27,0x0004F500,0x38082939,1
UFO::WeaponBrainRay,0xD026F263,0x001E92A8,27,0x1C,3,0x00229A54,0.245409,,10,0,1,9,2,0.194491,27,27,0x0004F500,0x38082939,1
UFO::WeaponBrainRay,0xD026F263,0x001E92A8,27,0x1C,4,0x00229B84,0.245409,,10,0,1,9,2,0.194491,27,27,0x0004F500,0x38082939,1
UFO::WeaponBrainRay,0xD026F263,0x001E92A8,27,0x1C,5,0x00230194,0.245409,,10,0,1,9,2,0.194491,15,15,0x000A7440,0x53CDBFE2,1
UFO::WeaponCloak,0xDA2CE506,0x001E9484,4,,1,0x0022A808,0.187500,0.000000,3,0,0,1,0,0.000000,4,4,,,1
UFO::WeaponCloak,0xDA2CE506,0x001E9484,4,,2,0x0022C170,0.187500,,3,0,0,1,0,0.000000,4,4,,,1
UFO::WeaponCloak,0xDA2CE506,0x001E9484,4,,3,0x0022C174,0.187500,,3,0,0,1,0,0.000000,4,4,,,1
UFO::WeaponCloak,0xDA2CE506,0x001E9484,4,,4,0x0022C438,0.187500,,3,0,0,1,0,0.000000,4,4,,,1
UFO::WeaponCloak,0xDA2CE506,0x001E9484,4,,5,0x0022C43C,0.187500,,3,0,0,1,0,0.000000,4,4,,,1
UFO::WeaponCloak,0xDA2CE506,0x001E9498,28,0x1C,1,0x00229994,0.269016,0.000000,11,0,1,8,2,0.218802,27,27,0x0004F500,0x38082939,1
UFO::WeaponCloak,0xDA2CE506,0x001E9498,28,0x1C,2,0x00229A54,0.269016,,11,0,1,8,2,0.218802,27,27,0x0004F500,0x38082939,1
UFO::WeaponCloak,0xDA2CE506,0x001E9498,28,0x1C,3,0x00229B84,0.269016,,11,0,1,8,2,0.218802,27,27,0x0004F500,0x38082939,1
UFO::WeaponCloak,0xDA2CE506,0x001E9498,28,0x1C,4,0x00235A5C,0.269016,,11,0,1,8,2,0.218802,27,27,0x0004F500,0x38082939,1
UFO::WeaponCloak,0xDA2CE506,0x001E9498,28,0x1C,5,0x00236CAC,0.269016,,11,0,1,8,2,0.218802,27,27,0x0004F500,0x38082939,1
Traffic::ActorSamSite,0x8BF075A5,0x001EE7D0,20,,1,0x00236AF4,0.422446,0.010796,3,0,1,2,1,0.500000,18,18,,,1
Traffic::ActorSamSite,0x8BF075A5,0x001EE7D0,20,,2,0x00226480,0.411650,,2,0,1,2,1,0.500000,7,7,,,1
Traffic::ActorSamSite,0x8BF075A5,0x001EE830,5,,1,0x0022D480,1.000000,0.400000,5,0,0,0,0,0.000000,5,5,,,1
Traffic::ActorSamSite,0x8BF075A5,0x001EE830,5,,2,0x0022C6F4,0.600000,,3,0,0,0,0,0.000000,5,5,,,1
Traffic::ActorSamSite,0x8BF075A5,0x001EE830,5,,3,0x0022D5B8,0.600000,,3,0,0,0,0,0.000000,5,5,,,1
Traffic::ActorSamSite,0x8BF075A5,0x001EE830,5,,4,0x00231C30,0.600000,,3,0,0,0,0,0.000000,5,5,,,1
Traffic::ActorSamSite,0x8BF075A5,0x001EE830,5,,5,0x00231C38,0.600000,,3,0,0,0,0,0.000000,5,5,,,1
Traffic::ActorSamSite,0x8BF075A5,0x001EE848,38,0x1C,1,0x0022DE8C,0.192387,0.000000,7,0,0,8,2,0.195112,27,27,0x000856B0,0x5444E2D6,1
Traffic::ActorSamSite,0x8BF075A5,0x001EE848,38,0x1C,2,0x00236844,0.192387,,7,0,0,8,2,0.195112,27,27,0x00119850,0x9BF3C65F,1
Traffic::ActorSamSite,0x8BF075A5,0x001EE848,38,0x1C,3,0x0022C6AC,0.185808,,6,0,0,8,2,0.195112,27,27,0x0007B730,0x5E1ADDAD,1
Traffic::ActorSamSite,0x8BF075A5,0x001EE848,38,0x1C,4,0x0022C73C,0.185808,,6,0,0,8,2,0.195112,21,21,0x0007B9B0,0x30A9A31A,1
Traffic::ActorSamSite,0x8BF075A5,0x001EE848,38,0x1C,5,0x0022DD5C,0.185808,,6,0,0,8,2,0.195112,27,27,0x00085630,0x69D73D2D,1
Sim::ParticleEffect,0x2635FA34,0x001FB1C4,5,,1,0x0022D480,1.000000,0.400000,5,0,0,0,0,0.000000,5,5,,,1
Sim::ParticleEffect,0x2635FA34,0x001FB1C4,5,,2,0x0022C6F4,0.600000,,3,0,0,0,0,0.000000,5,5,,,1
Sim::ParticleEffect,0x2635FA34,0x001FB1C4,5,,3,0x0022D5B8,0.600000,,3,0,0,0,0,0.000000,5,5,,,1
Sim::ParticleEffect,0x2635FA34,0x001FB1C4,5,,4,0x00231C30,0.600000,,3,0,0,0,0,0.000000,5,5,,,1
Sim::ParticleEffect,0x2635FA34,0x001FB1C4,5,,5,0x00231C38,0.600000,,3,0,0,0,0,0.000000,5,5,,,1
Sim::ParticleEffect,0x2635FA34,0x001FB1D8,26,0x1C,1,0x002300CC,0.427958,0.046438,10,0,2,8,4,0.419646,21,21,0x000A6A90,0xDD521592,1
Sim::ParticleEffect,0x2635FA34,0x001FB1D8,26,0x1C,2,0x00236CAC,0.381520,,10,1,1,8,3,0.356722,26,26,0x0004F500,0x38082939,1
Sim::ParticleEffect,0x2635FA34,0x001FB1D8,26,0x1C,3,0x0022FB3C,0.373400,,10,0,2,8,3,0.346902,15,15,0x000A2170,0xB0011E79,1
Sim::ParticleEffect,0x2635FA34,0x001FB1D8,26,0x1C,4,0x0022F32C,0.368826,,10,0,2,8,3,0.341371,21,21,0x000990C0,0x9D4EA2E9,1
Sim::ParticleEffect,0x2635FA34,0x001FB1D8,26,0x1C,5,0x0022DD5C,0.363519,,11,0,1,8,3,0.334953,26,26,0x00085630,0x69D73D2D,1
Sim::AnimObject,0xA3ECFFE2,0x001FB2A8,16,0x1C,1,0x00236CAC,0.561906,0.032626,11,0,0,5,3,0.520042,16,16,0x0004F500,0x38082939,1
Sim::AnimObject,0xA3ECFFE2,0x001FB2A8,16,0x1C,2,0x0022FB3C,0.529280,,10,0,1,5,3,0.480916,15,15,0x000A2170,0xB0011E79,1
Sim::AnimObject,0xA3ECFFE2,0x001FB2A8,16,0x1C,3,0x002300CC,0.529280,,10,0,1,5,3,0.480916,16,16,0x000A6A90,0xDD521592,1
Sim::AnimObject,0xA3ECFFE2,0x001FB2A8,16,0x1C,4,0x002298B4,0.525673,,10,0,1,5,3,0.476107,16,16,0x0004C180,0x19824F19,1
Sim::AnimObject,0xA3ECFFE2,0x001FB2A8,16,0x1C,5,0x0022F32C,0.522008,,10,0,1,5,3,0.471220,16,16,0x000990C0,0x9D4EA2E9,1
Sim::CameraObject,0x5008407F,0x001FB988,26,0x1C,1,0x00229994,0.205769,0.000000,11,0,0,15,2,0.133333,26,26,0x0004F500,0x38082939,1
Sim::CameraObject,0x5008407F,0x001FB988,26,0x1C,2,0x00229A54,0.205769,,11,0,0,15,2,0.133333,26,26,0x0004F500,0x38082939,1
Sim::CameraObject,0x5008407F,0x001FB988,26,0x1C,3,0x00229B84,0.205769,,11,0,0,15,2,0.133333,26,26,0x0004F500,0x38082939,1
Sim::CameraObject,0x5008407F,0x001FB988,26,0x1C,4,0x00230194,0.205769,,11,0,0,15,2,0.133333,15,15,0x000A7440,0x53CDBFE2,1
Sim::CameraObject,0x5008407F,0x001FB988,26,0x1C,5,0x0023578C,0.205769,,11,0,0,15,2,0.133333,15,15,0x001053A0,0x3FCA4C54,1
