classId,status,alphaNames,alphaAddresses,retailAddresses
0x0000000A,retail-only,,,0x00185910
0x0000000B,retail-only,,,0x000C7820
0x0000000C,retail-only,,,0x00184460
0x00000011,retail-only,,,0x00163630
0x00000013,retail-only,,,0x00163E20
0x00000015,retail-only,,,0x00165040
0x00000016,retail-only,,,0x000B6DA0
0x00000017,retail-only,,,0x0018D910
0x00000080,retail-only,,,0x000C2850
0x00225FA4,retail-only,,,0x00012710
0x00226164,retail-only,,,0x00012A50
0x0022660C,retail-only,,,0x00015AF0
0x00226834,retail-only,,,0x000161D0
0x002269CC,retail-only,,,0x000164F0
0x00226D7C,retail-only,,,0x000174F0
0x002357FC,retail-only,,,0x00105B40
0x0027094C,retail-only,,,0x000B6FC0
0x00270974,retail-only,,,0x000B83B0
0x002709C4,retail-only,,,0x000B83F0
0x002709EC,retail-only,,,0x000B8410
0x00270A14,retail-only,,,0x000B8500
0x00270A3C,retail-only,,,0x000B85E0
0x00270A88,retail-only,,,0x000B8E00
0x00270AEC,retail-only,,,0x000B9EA0
0x00270B14,retail-only,,,0x000C00C0
0x00270B3C,retail-only,,,0x000C0810
0x00270B94,retail-only,,,0x000C36C0
0x00270BBC,retail-only,,,0x000C36F0
0x00270BE4,retail-only,,,0x000C6EA0
0x00270C0C,retail-only,,,0x000C6F90
0x00270C34,retail-only,,,0x000C6FB0
0x00270C5C,retail-only,,,0x000C6FC0
0x00270CD4,retail-only,,,0x000C7330
0x00270CFC,retail-only,,,0x000C7490
0x00286DF4,retail-only,,,0x00143C00
0x00286E1C,retail-only,,,0x00143C10
0x00286E54,retail-only,,,0x00163720
0x00286E7C,retail-only,,,0x00163C00
0x00286EA4,retail-only,,,0x00165C20
0x00286ECC,retail-only,,,0x00166120
0x00286EF4,retail-only,,,0x00166490
0x00286F1C,retail-only,,,0x0016F7C0
0x00286F44,retail-only,,,0x0016F7E0
0x00286F94,retail-only,,,0x001707A0
0x0028728C,retail-only,,,0x00184250
0x002872B4,retail-only,,,0x00184310
0x002872DC,retail-only,,,0x00185100
0x00287304,retail-only,,,0x00185280
0x0028732C,retail-only,,,0x001853A0
0x0028737C,retail-only,,,0x001854E0
0x002873CC,retail-only,,,0x0018CB70
0x002873FC,retail-only,,,0x0018D560
0x00287428,retail-only,,,0x0018F690
0x00287450,retail-only,,,0x0018F7C0
0x00287478,retail-only,,,0x0018F850
0x002874A0,retail-only,,,0x0018FA30
0x002874C8,retail-only,,,0x0018FAC0
0x0028774C,retail-only,,,0x001A5AF0
0x00287774,retail-only,,,0x001A5CE0
0x0028779C,retail-only,,,0x001A5DE0
0x002877C4,retail-only,,,0x001A9D70
0x002877EC,retail-only,,,0x001A9E80
0x00287814,retail-only,,,0x001A9F80
0x0028783C,retail-only,,,0x001A9F90
0x00679937,shared,UFO::PlayerCharacter::VirtualClassId,0x0002CAA0,0x0007F3B0
0x0283F1C6,retail-only,,,0x00077F80
0x0634F863,retail-only,,,0x000AB330
0x0685932E,retail-only,,,0x0003DB10
0x0947788C,retail-only,,,0x0010D0B0
0x0B9A5189,retail-only,,,0x0003F1C0
0x16D2BCB2,shared,Sim::ParticleModifier::VirtualClassId,0x000F8CE0,0x00121CA0
0x177F1145,retail-only,,,0x00015AE0
0x17B5D8B5,retail-only,,,0x00133B50
0x1851F9D7,retail-only,,,0x00062E20
0x1975BCED,shared,Traffic::ActorCar::VirtualClassId,0x00048400,0x00012A40
0x19824F19,retail-only,,,0x0004C180
0x1BF20892,retail-only,,,0x00037C50
0x1CCAFDCC,shared,Physics::Box::VirtualClassId,0x000D8D10,0x0012AF10
0x1DE7E3DA,shared,UFO::Weapon::VirtualClassId,0x00011050,0x00097BD0
0x1F7AADFF,retail-only,,,0x00111710
0x1F956CEE,retail-only,,,0x001217F0
0x23FB6A80,retail-only,,,0x00075310
0x2635FA34,alpha-only,Sim::ParticleEffect::VirtualClassId,0x000E2DE0,
0x2786C33B,retail-only,,,0x0009A060
0x28518A36,retail-only,,,0x0008DCA0
0x29FFF983,shared,UFO::BuildingBlock::VirtualClassId,0x00025A10,0x00047040
0x2A94AEB8,retail-only,,,0x00061A70
0x2B2D74AB,retail-only,,,0x00074BD0
0x2B74C09C,retail-only,,,0x00131530
0x30A9A31A,retail-only,,,0x0007B9B0
0x34E3FBBA,retail-only,,,0x00038FF0
0x36342509,retail-only,,,0x00052040
0x3758CF66,shared,Sim::TaskObject::VirtualClassId,0x000F15B0,0x0011C040
0x38082939,shared,Sim::WorldObject::VirtualClassId,0x0002E860,0x0004F500
0x3BE6820C,shared,Sim::WeaponObject::VirtualClassId,0x000DCA70,0x00114AC0
0x3CCA084D,retail-only,,,0x00124ED0
0x3D09595C,shared,UFO::BuildingDestroyed::VirtualClassId,0x00025AF0,0x00048C90
0x3DE32CED,retail-only,,,0x000666A0
0x3E61EAFB,retail-only,,,0x00037C90
0x3F36394C,retail-only,,,0x00137680
0x3FCA4C54,shared,Sim::TaskFactory::VirtualClassId,0x000E19C0,0x001053A0
0x4085800F,retail-only,,,0x0005F560
0x41906ED7,shared,UFO::Fire::VirtualClassId,0x0006D4E0,0x0005C200
0x420EF0BF,retail-only,,,0x0006B270
0x433CDA01,retail-only,,,0x00076D90
0x448598FE,shared,UFO::WeaponZapOMatic::VirtualClassId,0x0001EA70,0x000A8570
0x455D1F89,retail-only,,,0x000328E0
0x460B3751,retail-only,,,0x00135100
0x4A0548A5,retail-only,,,0x0003E1B0
0x4BC2F208,shared,Driver::Base::VirtualClassId,0x00112DE0,0x000DAB50
0x4BDA912D,shared,UFO::WeaponAbductoBeam::VirtualClassId,0x00011780,0x000987B0
0x4DB71152,retail-only,,,0x000A2E00
0x4DD6121B,retail-only,,,0x00086140
0x5008407F,alpha-only,Sim::CameraObject::VirtualClassId,0x000E7430,
0x501C9BF4,shared,Sim::ParticleEmitter::VirtualClassId,0x000F21F0,0x0011EE90
0x50E0B83E,shared,Sim::MeshFactory::VirtualClassId,0x000E8640,0x0011A130
0x5126D0FC,retail-only,,,0x0011CA90
0x52B36B08,retail-only,,,0x000774D0
0x5355F7F9,retail-only,,,0x00034C90
0x53CDBFE2,shared,UFO::WeaponTargetRay::VirtualClassId,0x0001DFF0,0x000A7440
0x5444E2D6,retail-only,,,0x000856B0
0x54473A6E,shared,Traffic::ActorPedestrian::VirtualClassId,0x00049750,0x00017470
0x55546BF7,shared,UFO::PlayerMove::VirtualClassId,0x00028FD0,0x00082230
0x55B29684,shared,UFO::WeaponHoloBob::VirtualClassId,0x0001B960,0x000A2C40
0x55BBDC66,shared,Sim::ParticleShapeSkeleton::VirtualClassId,0x000F5A30,0x00120160
0x56A149E5,retail-only,,,0x00078CA0
0x570DB937,shared,UFO::WeaponGunObject::VirtualClassId,0x0001B8A0,0x000A2AF0
0x5A5313A0,retail-only,,,0x00013D70
0x5AEDD7DB,retail-only,,,0x001161A0
0x5E1ADDAD,shared,UFO::PlayerCamera::VirtualClassId,0x00027910,0x0007B730
0x5EC14168,retail-only,,,0x0007A2A0
0x613765E6,retail-only,,,0x00085670
0x6460CAB8,shared,UFO::WeaponCortex::VirtualClassId,0x0001A080,0x000A1270
0x68195EBC,shared,UFO::WeaponDeathRay::VirtualClassId,0x0001A710,0x000A1DB0
0x684CEB37,shared,UFO::PlayerShip::VirtualClassId,0x000351E0,0x00087F60
0x68DADDB4,shared,Physics::TriMesh::VirtualClassId,0x00170270,0x001363B0
0x68F1100B,retail-only,,,0x00012700
0x69148AC8,retail-only,,,0x00037BF0
0x69D73D2D,retail-only,,,0x00085630
0x69E16452,retail-only,,,0x0005EBC0
0x6A1FD4FF,shared,Physics::Ray::VirtualClassId,0x000D6FC0,0x00123980
0x6E347C52,shared,UFO::Prop::VirtualClassId,0x00051330,0x0008C3A0
0x6F07E025,retail-only,,,0x0012B800
0x6FC7A9F5,shared,UFO::BuildingFixture::VirtualClassId,0x00025D40,0x0004A480
0x71C8DF8F,retail-only,,,0x0009A260
0x73B40B4A,retail-only,,,0x000A9EC0
0x73E251C2,retail-only,,,0x0011C740
0x7A558A31,retail-only,,,0x0003FDF0
0x7AE2FD86,shared,UFO::Camera::VirtualClassId,0x0006C8D0,0x0004BF60
0x7E1FE4E4,shared,Physics::RigidBody::VirtualClassId,0x000D90E0,0x001324E0
0x81BD0569,shared,UFO::ShipThirdPersonCamera::VirtualClassId,0x00035B10,0x0008FDD0
0x82DA9DCD,shared,Sim::ParticleEmitterRibbon::VirtualClassId,0x000F7E50,0x00120510
0x83B41B3B,retail-only,,,0x00131980
0x87995035,retail-only,,,0x000666D0
0x883240FC,shared,Sim::Actor::VirtualClassId,0x0005E6A0,0x000415E0
0x8B2E627C,retail-only,,,0x00134A70
0x8BF075A5,alpha-only,Traffic::ActorSamSite::VirtualClassId,0x00049C80,
0x8BFCF9A0,retail-only,,,0x0009C2D0
0x907F408B,retail-only,,,0x000756F0
0x91816FD9,retail-only,,,0x0003C910
0x92102CE7,retail-only,,,0x00062210
0x9537E8AF,retail-only,,,0x00060210
0x975A3542,shared,Sim::ParticleModifierField::VirtualClassId,0x000F8A60,0x001210F0
0x9AB961DA,retail-only,,,0x001289E0
0x9BCE23F0,shared,UFO::WeaponHypnoRay::VirtualClassId,0x0001C210,0x000A4980
0x9BF3C65F,shared,Sim::MeshObject::VirtualClassId,0x000E7B00,0x00119850
0x9C719585,retail-only,,,0x0003C5E0
0x9CAB7687,retail-only,,,0x00033330
0x9D4EA2E9,retail-only,,,0x000990C0
0xA148A906,retail-only,,,0x00040FE0
0xA3E0CBC0,retail-only,,,0x00135990
0xA3ECFFE2,alpha-only,Sim::AnimObject::VirtualClassId,0x000E3090,
0xA5B57D20,retail-only,,,0x0003D070
0xA7029C99,retail-only,,,0x000777F0
0xA75FFAEB,shared,Sim::Object::VirtualClassId,0x00011670,0x0004A130
0xA955731B,shared,UFO::BuildingPiece::VirtualClassId,0x00026500,0x0004B4E0
0xAB958B2C,retail-only,,,0x000433A0
0xABEED19D,retail-only,,,0x00121AB0
0xB0011E79,shared,UFO::WeaponDestructoRay::VirtualClassId,0x0001AB30,0x000A2170
0xB052709E,retail-only,,,0x0007DD20
0xB0C3787F,retail-only,,,0x00116230
0xB0D96BB4,shared,Sim::Attachment::VirtualClassId,0x000EB2E0,0x0010EA90
0xB1401582,retail-only,,,0x0007B0B0
0xB1A0801B,retail-only,,,0x0006BB30
0xB376C3BC,retail-only,,,0x00033040
0xB405C7B6,shared,Traffic::Actor::VirtualClassId,0x00045400,0x000122B0
0xB56127FA,retail-only,,,0x0012C140
0xB5F33FA5,shared,UFO::PlayerObject::VirtualClassId,0x00029680,0x00083830
0xB5FA0F27,retail-only,,,0x0011A850
0xB619A12F,shared,UFO::ChargeWeapon::VirtualClassId,0x000152A0,0x0009D070
0xB79EFBEA,retail-only,,,0x000797C0
0xB9AEDEAA,retail-only,,,0x000FB1E0
0xBD412B4F,retail-only,,,0x000164E0
0xCDDBBC04,retail-only,,,0x0010D700
0xCDEF6718,retail-only,,,0x00088A20
0xCFB36AC7,retail-only,,,0x001211E0
0xD026F263,alpha-only,UFO::WeaponBrainRay::VirtualClassId,0x00014BE0,
0xD12703CD,shared,Physics::BVTree::VirtualClassId,0x000D80A0,0x00136CC0
0xD3FADEF9,retail-only,,,0x00121850
0xD603748B,retail-only,,,0x00127500
0xD6A6D8BB,retail-only,,,0x00107620
0xD995479A,retail-only,,,0x0009A8F0
0xDA2CE506,alpha-only,UFO::WeaponCloak::VirtualClassId,0x000157A0,
0xDB41E9CF,retail-only,,,0x00066810
0xDD521592,shared,UFO::WeaponShipLauncher::VirtualClassId,0x0001D7F0,0x000A6A90
0xDE3E3C1C,retail-only,,,0x000A6880
0xE05FF757,shared,UFO::WeaponIonDetonator::VirtualClassId,0x0001C990,0x000A4E90
0xE60EE861,shared,Driver::Overlap::VirtualClassId,0x0006FD80,0x0006B800
0xE85A14AF,retail-only,,,0x00037C20
0xE9440DE6,retail-only,,,0x00034FE0
0xEA95449D,shared,Physics::CCylinder::VirtualClassId,0x000DB040,0x00134B50
0xEE6C29EC,shared,UFO::ShipMove::VirtualClassId,0x000362C0,0x0008DC90
0xEF29B136,retail-only,,,0x00129A30
0xF071630F,retail-only,,,0x0003F700
0xF149B6B8,shared,UFO::CharacterMove::VirtualClassId,0x000317D0,0x00052030
0xF2D43FBF,retail-only,,,0x0005FA20
0xF300C189,retail-only,,,0x00015510
0xF64BBE96,retail-only,,,0x00016C00
0xF6A6AE70,shared,UFO::PlayerFocus::VirtualClassId,0x00028E20,0x00081620
0xF762918F,shared,UFO::WeaponMatterMove::VirtualClassId,0x0001CF00,0x000A5640
0xF90E4ACE,retail-only,,,0x000161C0
0xFB4BC9AE,shared,Sim::ParticleModifierMagnet::VirtualClassId,0x000F8B70,0x00120F90
0xFD21D593,shared,Sim::ParticleShape::VirtualClassId,0x000F3920,0x0011D2B0
0xFFEE9E41,shared,Physics::CollisionObject::VirtualClassId,0x000D6DE0,0x001236D0
