path,status,kind,alphaSize,retailSize,alphaSha256,retailSha256
audio/e/discard.pkg,retail-only,game-payload,,2056,,57e3334b096755da7835606efea07b17cca5bc59bfe99f65f817c62661a37f8a
audio/e/e.dir,retail-only,game-payload,,1074504,,5546b6f2320f1bf10dd461c8f28c7cc58de082a099536be154ecd39ded650819
audio/e/resident.pkg,retail-only,game-payload,,3917832,,2dda142cb4a0f51f9edb3123fadecd4d71d28c4bf0a6a8d239c6919b691a3c69
audio/e/soundstr.pkg,retail-only,game-payload,,503336968,,6b62eca26e9826dff7f206583f2197654f8f81c930601bc53f687f2f90aeff35
shell/intro/discard.pkg,changed,game-payload,16392,8200,1ada8e9a81243fe58c5303314c904cd4f9aa320db7ef7649534b823832182245,67356d712376c0074cb0351b885ee27eb6dc32ddcbb2c5bdb50c73578c8aa64e
shell/intro/intro.dir,changed,game-payload,8124,7568,a891bdf93004b5fd59f15b2ca12c2764c2836d67831709079c05cfd1f290b0d1,eca283a4294470254259e98f281c0cf464243dc9cbceccf09a808357ff460aef
shell/intro/intro.dir.builder_report.txt,alpha-only,build-report,9188,,03b5a529784d10196770f482cb52dde7c92fb74c3149b27ff11fbf939dcce67b,
shell/intro/intro.dir.linker_report.csv,alpha-only,build-report,41397,,2e20bbc5ea38e59bcef97548b2cfb050cdf8ae089d16090e633303bf6873d6ef,
shell/intro/intro.dir.linker_report.txt,alpha-only,build-report,54177,,34ff4f43caf944387471432bef25358b960eba4b66f094b39a22652a62f0999b,
shell/intro/intro.dir.txt,alpha-only,build-report,33842,,50022e54f38e39bd0ab29028e4cf0bfaea4f989a4b9a2a7c9c90dc35e8162540,
shell/intro/intro.str,alpha-only,game-payload,5366,,cd95d4264d8fdd37fdc526ce1e9ee4fbe00558dfd9ce38bd215a6d99eaa7c158,
shell/intro/intro.str.txt,alpha-only,build-report,3086,,38cec9b9cdc56d9a67e8db6450a1fda16290dc8ac4c26f9737e73900cdecaf29,
shell/intro/resident.pkg,changed,game-payload,4139016,397320,42473daa9d213ab6c4042d4aa3dd32ea45303248c854b92c67016020f075361f,da31de13325c455f38ea6427129817f983a27c7b0bc888361b2de7e798e98eaf
shell/intro/segment1/segment1.dir,alpha-only,game-payload,5208,,fb2ba01f6504d61757865e151630aeeea254d7792d45c64c7c0d9c59aa332204,
shell/intro/segment1/segment1.dir.builder_report.txt,alpha-only,build-report,8014,,ff163de15797816f28e35eaf676a5cb37e2c43779d514fd76f195eb9d44e7f3d,
shell/intro/segment1/segment1.dir.linker_report.csv,alpha-only,build-report,40057,,8a3fa6820ade06044c500c14be95bb6f11bff2bd8f11e32abe49ef8429c23861,
shell/intro/segment1/segment1.dir.linker_report.txt,alpha-only,build-report,50976,,8bfd5f2b7978b77e1c0ec62e49a65c9282cd9ad3f8b86b693bcb20060b1b81aa,
shell/intro/segment1/segment1.dir.txt,alpha-only,build-report,27065,,74d4ea99ce4f74a0004b288892de823c8ff3af11f97eabcedb20005237e0c774,
shell/intro/segment1/segment1.str,alpha-only,game-payload,5261,,ba5296232bf4369f5125b8e425832f04d7fa266624d63110f991404e74398d76,
shell/intro/segment1/segment1.str.txt,alpha-only,build-report,2938,,632bc343a7385189f8dfe56411964d69e1543e8e5a2beef04d2916b6e1706b6b,
shell/intro/segment2/segment2.dir,alpha-only,game-payload,5176,,686d5365ae7dd8a9c549e040cb53b94740bb84406c6084776672717c4e025c14,
shell/intro/segment2/segment2.dir.builder_report.txt,alpha-only,build-report,49607,,caacafda11c43b1ee586f2d5ab104bfa815df229075e4f6a5ca4804ccad65a98,
shell/intro/segment2/segment2.dir.linker_report.csv,alpha-only,build-report,1116399,,1503a7552861b481f674da758912ac99fb406ac3624833791bc7b5b22c19beab,
shell/intro/segment2/segment2.dir.linker_report.txt,alpha-only,build-report,1248364,,ed7b0c333ed47b3a2517d9ef96a18ac48c000766c08d813536a7c97d9d5ae8b7,
shell/intro/segment2/segment2.dir.txt,alpha-only,build-report,27342,,9f6ab2fb8bd88fb1fc52afe65d1f1892e695f8d25525bdd291171fb905629cd7,
shell/intro/segment2/segment2.str,alpha-only,game-payload,5089,,4d99413f61ed931645bab0f43f521cfbc73926944b7fdb95b4db6ffb8355dfcd,
shell/intro/segment2/segment2.str.txt,alpha-only,build-report,2350,,d79075a6c12292324894d78554d03fa1704a3fcf728e1c007e781f92f7076763,
shell/main/discard.pkg,changed,game-payload,92168,165896,13091c0c5463923f00f5523e9a87d1cf6c9d8241122287b378bb760f8d5196aa,e871b69336953767f29ccf140545f3a04c9acf53cd86f78d4494a05f97e0896b
shell/main/main.dir,changed,game-payload,9000,47148,625a072ed4b47abd3cb3efecc0c6e38709146abd78163e404cefcceec590e5c4,98d776a266866c36bfe2ff04c2f76fbbd7df015de7d104939bc52064277259c8
shell/main/main.dir.builder_report.txt,alpha-only,build-report,19393,,1f945c801f22d4c1b3bcda2ae6be00ed858a8072b1086cc01d9f1a508b93961c,
shell/main/main.dir.linker_report.csv,alpha-only,build-report,28001,,0cab7e2b149a06ddef1c20e03a9f214e86bc98cd3a0afe5bf32e2e7db0a2effd,
shell/main/main.dir.linker_report.txt,alpha-only,build-report,33713,,1ec10f5e19f956d218e1c0a257e4ae78bcb9aac06fe78621f98e57f35747fc4f,
shell/main/main.dir.txt,alpha-only,build-report,46264,,b1ba5028f602d646223931f97e241d44dc880542a7c8f61ecddc5504905c1095,
shell/main/main.str,alpha-only,game-payload,11954,,0ae3a3a44202ca43e38d62e4fde9f3ffd212863c322d4ae385e611241c7c5087,
shell/main/main.str.txt,alpha-only,build-report,6582,,a2102fb2bcdddf96b79d2bb56536e3f3bdad569768b418955113bcf0e6d18abb,
shell/main/resident.pkg,changed,game-payload,7407624,2557960,eee1d5f6db322e713627dc2150ecb2f8904e81df7974aeaced4d026a99f6db2b,663338e5610f6ace877e505f7e97070dade109db9fb8ce6299988df54345787b
shell/main/stream.pkg,retail-only,game-payload,,11632648,,c20546499f71759e796fd2eda37c5ab9c7ad033cbda91a3b63dc58a6da88937d
sites/area42/area42.dir,changed,game-payload,171948,431188,a00134ea76bfc663f65dc9076468fea5a62b9ed0725ffb59ea2526313ab549aa,15111978ec1d0d7770fe83ed6a3a6e55fff83363433d74354c849e0cd9832297
sites/area42/area42.dir.builder_report.txt,alpha-only,build-report,345902,,6df2fab9bf2b2bb71f1c773a088c9c8fb68fab69cb71e3192c997dc4d64f1fa5,
sites/area42/area42.dir.linker_report.csv,alpha-only,build-report,3110858,,bef9075b3e5c9dfb617869a3b3d1eed32dec12ac84a9f585166c330216df686f,
sites/area42/area42.dir.linker_report.txt,alpha-only,build-report,4522302,,3eb9abd661476748c33806a88bb79d340b8b8e143cf3128da3cb8f2abad047da,
sites/area42/area42.dir.txt,alpha-only,build-report,944097,,d4bf2bb9e8d24d6ffbd38b024a222f99cedc8e668945657554d3d1bbff889ea8,
sites/area42/area42.str,alpha-only,game-payload,94860,,3b908d1a4f276d632050c688bc910622d42a623601cd5ea63734a59881a56ad0,
sites/area42/area42.str.txt,alpha-only,build-report,59699,,fcf8b67efa663d21009212c502a0f83958714b98379244946e79e3e06967afa3,
sites/area42/discard.pkg,changed,game-payload,430088,303112,e7ba18c807020eecba734c7e934f83659270ba0b083e0bf5c9e58e2720ec8f56,ec108df4970b04e0d4645a636809c962869726dd272a5e87aa170eb333c53c20
sites/area42/resident.pkg,changed,game-payload,8390664,5677064,99182ea8b1a388a4471771588d4bfc3183a05cedb1e5fcc2efe097612e0e28c5,45f2e31ada7f17a55fdbf0db876c2f833992fe8c03425a89dc5d5609a9441a18
sites/area42/soundstr.pkg,alpha-only,game-payload,23052296,,5e4367fcc75f4829c3af8111f765821894cf9d5a6ee43dd6b4aa06de27b04b5e,
sites/area42/stream.pkg,changed,game-payload,3432456,27367432,f0d74d31f3407764856dc25af146c5767ddb831bd11975d13265065de70e6839,7b75a2d0e816c26ab46c40ae3f41dcac5e5595f4f21d1956b26fe2aaf79d19d3
sites/capitol/capitol.dir,retail-only,game-payload,,395952,,1aa897a8e6d884d686b301327bb2bde1ee861ee36220863057d0fc331e942893
sites/capitol/discard.pkg,retail-only,game-payload,,311304,,7b7ea2345ed86b399c9ab5a1534a5ec03c3148d4457475363dbfb6a9d6bf814e
sites/capitol/resident.pkg,retail-only,game-payload,,5134344,,b5fc76e149367a7c993115e465dee51bba9b571ee9d689c43f08923ccb4a5e4a
sites/capitol/stream.pkg,retail-only,game-payload,,38613000,,e184b59c6538dc8f9ddc2e54f2292edbc94088892cc510c1cf98cb824bf5d9d3
sites/cptlboss/cptlboss.dir,retail-only,game-payload,,375664,,18d318568a19c399f3672d86ba571a3e79627d65400e4eb5022d6e598960e71e
sites/cptlboss/discard.pkg,retail-only,game-payload,,253960,,f90aa5e9740e85dc790544a2a477b5b47ac4eaba4e52adccd0e610199eea7bbf
sites/cptlboss/resident.pkg,retail-only,game-payload,,5027848,,9684f9f62c707c4d4e8e9dfc4b8a367e82d14b84c8a76d0d120b3ba83ce2c3c0
sites/cptlboss/stream.pkg,retail-only,game-payload,,16291848,,dddff869817c5f73d7bcdc4644048489679945086c19a7b8ee41c91a0c5c2ae0
sites/farm/discard.pkg,retail-only,game-payload,,268296,,0800f72b3a58d2b6f6d2459f13f606963f3df2870d0afcd95354e233e8037a04
sites/farm/farm.dir,retail-only,game-payload,,339792,,0a2648262048fc10a4cf14b5d0142a01e97f5e6cee04f75cc5c583dfb9b4ccc7
sites/farm/resident.pkg,retail-only,game-payload,,5459976,,bf0cc1f4de28f719782c25ba0aa8b11513684f909f282b748742396e56afbb37
sites/farm/stream.pkg,retail-only,game-payload,,18364424,,578783994eb396a34dc915a817ffc47c5336ae7658cacbc0e2a67bcb6ca46de6
sites/rockwell/discard.pkg,changed,game-payload,530440,286728,b4b786563dd57b8843e29c059aa503416b3d7134bd6bacdca128d98500da0566,da7a91198fec8e46847c8ef14583c4a0ca2c04afec3ef4e46e23327bc3c3cc8f
sites/rockwell/resident.pkg,changed,game-payload,10156040,5632008,4abe4e5b48ba856190101c46d3b9c00cd8fe3479f4771ca176332122ea7ae7dd,8711b4fb33ee93eb23871506a7e3bdc5c4a699be23230de0070ef7bf847710e3
sites/rockwell/rockwell.dir,changed,game-payload,365868,421620,6958ef7cc0cca7d527a8f648eb45f718d7c5c57610b59ffe5c8cfecd4da056e6,6468bc6b063ba60c38e005c1fd37f175162a87fc9f6a8556634ab6c850814aa2
sites/rockwell/rockwell.dir.builder_report.txt,alpha-only,build-report,519743,,931df8ae03f317a4fea1f6e94747ec62c7f9be94ae123e4f02a2e212f1f4cd9e,
sites/rockwell/rockwell.dir.linker_report.csv,alpha-only,build-report,4085910,,b5e83bc305683ed15c59cec81ae3585000fa4a772c1f7e691d94eb4bdbc86cbb,
sites/rockwell/rockwell.dir.linker_report.txt,alpha-only,build-report,5900137,,a8bff221fba597835e8cd486712552168ad48fbbe7a6ca4129007c6a6859a226,
sites/rockwell/rockwell.dir.txt,alpha-only,build-report,1806820,,904a86d3171173270099efb3f747508beacd3a842bc7b99c6cee7e0d46b14534,
sites/rockwell/rockwell.str,alpha-only,game-payload,99779,,01286b1047c512b6c320f280045e2c2b11831fb20ef3060eec87cac24c16c205,
sites/rockwell/rockwell.str.txt,alpha-only,build-report,70121,,12ca0b0a6114f385572dc32237d6a91b11796a0348c4a0a0d2b4e87d91709bfc,
sites/rockwell/soundstr.pkg,alpha-only,game-payload,33538056,,78fe2485a90d85721c4fc4d56551428f4048379efa75816b33f398fe3c3f2083,
sites/rockwell/stream.pkg,changed,game-payload,15114248,27285512,498075ef55d1815fc5482f9df89eb26826233ada538ea216f74978a6c698d3d4,6458ef1d0eadb234600b23e9b6b5d87d86b6efefeec3a3c0de95b7bf9a38f107
sites/rockwell_2/rockwell_2.dir.builder_report.txt,alpha-only,build-report,477237,,124cb130f6898fa35802f3e7f5978eed3d0db8cff985379084e9a98c4adfdb6c,
sites/rockwell_2/rockwell_2.dir.linker_report.csv,alpha-only,build-report,3330411,,56dbd466efdcb495c698830fc1a0e43a8239573b996fe2c85cb8939077af420f,
sites/rockwell_2/rockwell_2.dir.linker_report.txt,alpha-only,build-report,4976207,,d505160c0d75530490b584af5b996d4c2ff2a2ff0f302d5f9c45098667942604,
sites/rockwell_2/rockwell_2.dir.txt,alpha-only,build-report,966669,,41eedfe21f66efbb01fa4223b8f1ed04a3e45ebefbbf83dea2a18992a9dcff88,
sites/rockwell_2/rockwell_2.str,alpha-only,game-payload,11566,,948d02d331c9ed4fc6f5a22a6c748f7d2c17a03c3b438a3d1581570d7ba1b3da,
sites/rockwell_2/rockwell_2.str.txt,alpha-only,build-report,6704,,f26812402e0112a28214f8a9f12d84980a4c66ac158681a4fbe9c33356e4f0e1,
sites/santa/discard.pkg,changed,game-payload,696328,342024,603918bf7222dfb7c3b703fcee54feb40eefaf1a682ab3796654243d72834b43,1c2d3e9d9c0a2e108dc631a65aae9ff8b27d38987e46474d82e4997698146772
sites/santa/resident.pkg,changed,game-payload,9703432,5550088,b3381b38d7b7009e69442d3653b3cf6dc0c60277055be4548d98881896abfecf,1bcd9fcde20242af7423e5af3fc6c75075e4bbfa2fcabdee6b491d4ebd03f0ee
sites/santa/santa.dir,changed,game-payload,374604,428888,d337d0d3f31a07a451399b1d4f070fe602ee68e7cf383141a821f4431ea38411,768fdc7ec82a9ea9dc500ef25d631e7d54a126d53b9dbba8cb484119b3d0d016
sites/santa/santa.dir.builder_report.txt,alpha-only,build-report,542993,,fa8b9426a4ff412061ba46ad40bfff6334f4ef4e23956e676bbe6996aca08e41,
sites/santa/santa.dir.linker_report.csv,alpha-only,build-report,4235994,,80402615c7be5878da6e54b9e809ea3be061997a1ea1f4103d4eab6ac5483665,
sites/santa/santa.dir.linker_report.txt,alpha-only,build-report,6164627,,518adcb15c9f6b90b179853d44e194900342bb53652236745cf35d3ceb49184e,
sites/santa/santa.dir.txt,alpha-only,build-report,1867157,,e374e2d33996154576a308a8287b76b5e6b7093f19bf5906511dfc22e85b131d,
sites/santa/santa.str,alpha-only,game-payload,94665,,668f4e72dabb8877d486b98613afa86d240166e9bfb98eda187bcf0b88a3b2a4,
sites/santa/santa.str.txt,alpha-only,build-report,54522,,df8ce5edd0384f2858c3b88ca751dd61876a43ae7649cad0c4a85cef841af52a,
sites/santa/soundstr.pkg,alpha-only,game-payload,44136456,,e80fe1a24bd5028610c6c53b8820567c0a3a7ac8e3dd3fc17e1facb2affeb3b4,
sites/santa/stream.pkg,changed,game-payload,11315208,46567432,28cce1766018de434e7c58f3675b00fe3c0197a53c7958086cc96a16edcf6754,510d3c3e5c4ec1623829252c31e8fe379e341f0addbfa78e89ce547508f6bdbf
sites/union/discard.pkg,changed,game-payload,679944,301064,25b46e0c7b0522f8d3df10dc6bae7fafd67233644392dd2d3cd648c9e041e775,8afd3a3bc3a3a692f3df0d82c1fd761b0c4ef3c892d18a394b4607cd2f64e4ad
sites/union/resident.pkg,changed,game-payload,11479048,5068808,0cfc4e9dc895a262c88208431f5d40cb4705926f00e7af754bef53298b68edad,b30897d6b481e5fe49e0d901422e9e2163458590e7c69c651244fead532b2be4
sites/union/soundstr.pkg,alpha-only,game-payload,48941064,,e3c03d4978d4f45f31ed0e8cf09b00ca24a0d95cf8c4b42336c1c16f698e4b26,
sites/union/stream.pkg,changed,game-payload,17987592,27373576,8dde9bf83a23913f38c415c6688d60680d9127881e3e43f169af73ee29069470,47796a2801447c8ac3bd76cfad74cca959aa0497093d0f207f39fb3b7300425a
sites/union/union.dir,changed,game-payload,571500,398876,5f2b9c530c6628fbb1f25306c7f58dfbbf89676370459575b310487ca1e4e489,a2d66f5fd388285b01f453b04e4ba28cf44c2d30c81cfd5ba1948b452dccc5ce
sites/union/union.dir.builder_report.txt,alpha-only,build-report,646092,,1e68b1301f9d47705fa0562d7bfc06a55ab045952317e04650863ea6bfef2304,
sites/union/union.dir.linker_report.csv,alpha-only,build-report,5280170,,0f7fb03c6ada0d8198499a7cbcfe7ffd86888b70c172f086358f32801a36664b,
sites/union/union.dir.linker_report.txt,alpha-only,build-report,7541938,,7e42855704fd98b0142e1f47d710ca50f5831149aeb8e76eaa40a124cd4dc901,
sites/union/union.dir.txt,alpha-only,build-report,2662711,,9f9942406e6f5550473146c21f03e5572e8d976ed38c7057ebf3d1f17d559b84,
sites/union/union.str,alpha-only,game-payload,95340,,233f7b706a74e6c6d83f25d21891fc8448bf7bbdf2db6daa8f6684448cea203d,
sites/union/union.str.txt,alpha-only,build-report,60743,,89ba8365b506cdc72fe299181f5409095a8dc7dd8d15196cb23867642e23d0db,
startup/discard.pkg,alpha-only,game-payload,4104,,be8c94d351b4286f70a398a042ee1b373605830a285f0e0da2286a4d0cc1bd78,
startup/e/discard.pkg,retail-only,game-payload,,2056,,278dd578c15dfc20658e4e1eae9ae326f6ceda041fc51cb7e9eec7b34368c058
startup/e/e.dir,retail-only,game-payload,,1948,,e94a6b11858849b9a7e3abe120a9405282fe7cf834dda48643e8d90a475752fb
startup/e/resident.pkg,retail-only,game-payload,,217096,,5c4b57fb5a4cf841f7d5532fcae3d566a908eb976171a3327c4dfee10da291de
startup/resident.pkg,alpha-only,game-payload,96264,,979415f70ee20ee1e8a34fd3cbdc7288843b2c6e36e61053b260e242f6f01727,
startup/startup.dir,alpha-only,game-payload,2004,,66504090f56452b812027e2844ab975f582b1d5c22a0139ad6a03123cb5f9d5f,
startup/startup.dir.builder_report.txt,alpha-only,build-report,566,,d6a6f173aaa46bfe4d3300705df9253fbf5ee23e35b1c3c6a3c09f89ca1aa31d,
startup/startup.dir.linker_report.csv,alpha-only,build-report,548,,b93707015e06f3901d9f4f19a82f3792d8b8ac84e7e760c20a186b694ae5afd5,
startup/startup.dir.linker_report.txt,alpha-only,build-report,36741,,8f282dc79188e7620c73b87b939197887f71de3de497aabacdcbc9ce5f4f114c,
startup/startup.dir.txt,alpha-only,build-report,3626,,fb465af6da4be6c91ab9347564ddb50e1a58839c5aab552949dcf0b047b28772,
startup/startup.str,alpha-only,game-payload,260,,0fca53bbf9e3edd3dcb44f071e5d7cad3db9cb75dc58e029b66743414d98cc53,
startup/startup.str.txt,alpha-only,build-report,0,,e3b0c44298fc1c149afbf4c8996fb92427ae41e4649b934ca495991b7852b855,
system/launch/discard.pkg,alpha-only,game-payload,55304,,a12a76708e733cdbd9e6262e3573bdf3579007f381ab6a7294151bbea2f81761,
system/launch/launch.dir,alpha-only,game-payload,5032,,4c42a939b5102b6efbacac68f9aec5ba5f6e498857c7e4e1bcbaad7ba5fbe108,
system/launch/launch.dir.builder_report.txt,alpha-only,build-report,7262,,bc52e92fe3e6db7956ba431b5c73645259210e870d73895ea9bc80181aee9441,
system/launch/launch.dir.linker_report.csv,alpha-only,build-report,9098,,dac0307ac4ead4931da0b0998aad43c481491bac5a6b265a8509086d0ffc16a0,
system/launch/launch.dir.linker_report.txt,alpha-only,build-report,14374,,13a6d53ccb2b1d8009f917c6607887b7d1320fd09c9ef0bc4a4707ef7f3b9490,
system/launch/launch.dir.txt,alpha-only,build-report,19708,,a7ee7e9a2b201948a288da0ac7569dfda85a37a2cea2b7b3a05c9c1914ea2941,
system/launch/launch.str,alpha-only,game-payload,449,,9fb29f1c2c55fa2b1606e89ff29362be217d159446af46e7cdcf0bb915c3149d,
system/launch/launch.str.txt,alpha-only,build-report,401,,fb2a2d0654d7ec1b8c29b243bf94f18f5f8689a1d42cd4f546cac0cba3e985e0,
system/launch/resident.pkg,alpha-only,game-payload,829448,,24346584cf9fb1c30c1a75f2603845d9664f76bc7a233048f2f4a398967dec5a,
system/transitn/discard.pkg,changed,game-payload,4104,38920,cbfc5c90f385d00b9cf5cd4b63e7c3b3e56bdd42ff3defe137ecfde584c9c643,03527a6706da7ffa879f8783ac6333235814d607e99f5074c66ebf81d8221fd5
system/transitn/resident.pkg,changed,game-payload,4104,92168,25b946f8339f8de121fb785ed6f0ae8b3edd8951dd17b7743475a1e38e83fea4,a0b0f9fbacc99535fe9ca4ce3c3e1977341c71502db1e4e6795271cee0958c9b
system/transitn/stream.pkg,retail-only,game-payload,,745480,,de4eb0e46938a61a7d3ecb1b4200d924c8bcb11312b0b47234c065d5f146fc1a
system/transitn/transitn.dir,changed,game-payload,2004,15240,636a9a3d52696e8762ecd43e25b3ec9bdd20f906313c0bc1bf25cef9a0abdb4b,2d71b386b688e32125af01b5965ce5ad07b3113401f42482990a938535cc156a
system/transitn/transitn.dir.builder_report.txt,alpha-only,build-report,564,,0ca0bca94c99478e76653a7d3264357977a2dbb2125a79f115a172746e2aa1f3,
system/transitn/transitn.dir.linker_report.csv,alpha-only,build-report,967,,282882a8998e4ca843d5a2553cabf6f2878d561871ff4ad761be34376e45531f,
system/transitn/transitn.dir.linker_report.txt,alpha-only,build-report,2864,,c056d7871a9f1936c7aabb66535f1e7db00a2d5bd841757c47d7b7a903987886,
system/transitn/transitn.dir.txt,alpha-only,build-report,3621,,f5151e077f54d3891e5bd465b3c84e050d297d71b49925b8a7b82ad3182427d2,
system/transitn/transitn.str,alpha-only,game-payload,346,,45da063a5cbf9d28eac6b0bc20c3738d98cf268f2592da2d9437704efa8be999,
system/transitn/transitn.str.txt,alpha-only,build-report,256,,95c7a8b281e0e62d3a4f606eb5a2684c97bdd5532f981930e0ac6875db19a668,
